"table_name","exact_row_count"
"stock_transaction_detail","56826"
"sales_order_detail","34636"
"delivery_charge_detail","27296"
"stock_unit_of_measure","22282"
"stock_item","22282"
"stock_purchase_invoice","16500"
"purchase_order_detail","14140"
"stock_cost_type","12289"
"stock_bin","11701"
"gl_journal_detail","8221"
"gl_journal_header","3604"
"stock_foreign_currency_price","3361"
"tax_log","2997"
"stock_transaction_header","2458"
"sales_order_header","1894"
"sales_invoice_expense","1343"
"stock_item_photo","1058"
"ap_invoice_detail","730"
"ap_invoice_header","726"
"sales_quotation_detail","652"
"ar_invoice_detail","648"
"ar_invoice_header","646"
"delivery_charge_header","589"
"purchase_order_header","546"
"gl_chart_of_accounts","334"
"customer","180"
"price_history","162"
"supplier","109"
"stock_reorder_level","89"
"sales_quotation_header","22"
"stock_classification","19"
"tax_category","16"
"stock_area","14"
"gl_exchange_rate","11"
"stock_item_replacement","9"
"stock_price","6"
"country","5"
"stock_branch","4"
"packing_type","4"
"gl_currency","3"
"ap_classification","2"
"warehouse","2"
"bank_account","2"
"tax_period","2"
"bank","2"
"purchase_department","1"
"gl_section","1"
"sales_center","1"
"sales_representative","1"
"classification_file","1"
"branch_selection","1"
"sys_user","0"
